"The Two Ronnies","The Two Ronnies","http://en.wikipedia.org/wiki/The_Two_Ronnies","<span class=\"searchmatch\">The</span> <span class=\"searchmatch\">Two</span> <span class=\"searchmatch\">Ronnies</span> is a BBC television comedy sketch show created by Bill Cotton for <span class=\"searchmatch\">the</span> BBC, which aired on BBC1 from 1971 to 1987. It featured <span class=\"searchmatch\">the</span> double"
"Ronnie Corbett","Ronnie Corbett","http://en.wikipedia.org/wiki/Ronnie_Corbett","Ronald Balfour &quot;<span class=\"searchmatch\">Ronnie</span>&quot; <span class=\"searchmatch\">Corbett</span>, CBE (born 4 December 1930) is a Scottish actor and comedian who had a long association with <span class=\"searchmatch\">Ronnie</span> Barker in the television"
"Sitcom","Sitcom","http://en.wikipedia.org/wiki/Sitcom","satirical film by François Ozon, see <span class=\"searchmatch\">Sitcom</span> (film). A situation comedy, often shortened to the portmanteau <span class=\"searchmatch\">sitcom</span>, is a genre of comedy that features characters"
" Octopussy","Octopussy","http://en.wikipedia.org/wiki/Octopussy","other uses, see <span class=\"searchmatch\">Octopussy</span> (disambiguation). &quot;Kamal Khan&quot; redirects here. For other uses, see Kamal Khan (disambiguation). <span class=\"searchmatch\">Octopussy</span> (1983) is the thirteenth"
" Hercules (Bear)","Hercules (bear)","http://en.wikipedia.org/wiki/Hercules_%28bear%29","<span class=\"searchmatch\">Hercules</span> (1975 – 4 February 2000)  was a trained grizzly <span class=\"searchmatch\">bear</span> from Scotland who appeared in a number of cameo roles for various television productions"
"Iranian Embassy Seige","Iranian Embassy siege","http://en.wikipedia.org/wiki/Iranian_Embassy_siege","the <span class=\"searchmatch\">Iran</span> hostage crisis. The <span class=\"searchmatch\">Iranian</span> <span class=\"searchmatch\">Embassy</span> siege took place from 30 April to 5 May 1980, after a group of six armed men stormed the <span class=\"searchmatch\">Iranian</span> <span class=\"searchmatch\">embassy</span> in"
"Jan Leeming","Jan Leeming","http://en.wikipedia.org/wiki/Jan_Leeming","<span class=\"searchmatch\">Jan</span> <span class=\"searchmatch\">Leeming</span> (born Janet Atkins; 5 January 1942, Kent, England) is a British TV presenter and newsreader.   Born in Kent, England, and educated at the"
"John Lennon","John Lennon","http://en.wikipedia.org/wiki/John_Lennon"," see <span class=\"searchmatch\">John</span> Anthony <span class=\"searchmatch\">Lennon</span>.  For the airport in Liverpool, see Liverpool <span class=\"searchmatch\">John</span> <span class=\"searchmatch\">Lennon</span> Airport. &quot;<span class=\"searchmatch\">Lennon</span>&quot; redirects here. For other uses, see <span class=\"searchmatch\">Lennon</span> (disambiguation)"
"The Dakota","The Dakota","http://en.wikipedia.org/wiki/The_Dakota","uses, see <span class=\"searchmatch\">Dakota</span> (disambiguation) and <span class=\"searchmatch\">The</span> <span class=\"searchmatch\">Dakotas</span> (disambiguation). Not to be confused with <span class=\"searchmatch\">The</span> <span class=\"searchmatch\">Dakotas</span>. <span class=\"searchmatch\">The</span> <span class=\"searchmatch\">Dakota</span> (also known as <span class=\"searchmatch\">Dakota</span> Apartments)"
"David Chapman","David Chapman","http://en.wikipedia.org/wiki/David_Chapman","<span class=\"searchmatch\">David</span> <span class=\"searchmatch\">Chapman</span> may refer to: <span class=\"searchmatch\">David</span> <span class=\"searchmatch\">Chapman</span> (journalist) (born 1976), writer/producer covering video games, comic books, and other pop culture interests"
"Yoko Ono","Yoko Ono","http://en.wikipedia.org/wiki/Yoko_Ono","For the song by Die Ärzte, see <span class=\"searchmatch\">Yoko</span> <span class=\"searchmatch\">Ono</span> (song).  <span class=\"searchmatch\">Yoko</span> <span class=\"searchmatch\">Ono</span> (小野 洋子, <span class=\"searchmatch\">Ono</span> <span class=\"searchmatch\">Yōko</span>?) born February 18, 1933, is a Japanese multimedia artist, singer, and peace"
"Charles Prince of Wales","Charles, Prince of Wales","http://en.wikipedia.org/wiki/Charles%2C_Prince_of_Wales","&quot;The <span class=\"searchmatch\">Prince</span> <span class=\"searchmatch\">of</span> <span class=\"searchmatch\">Wales</span>&quot; redirects here. For other people known as <span class=\"searchmatch\">Prince</span> <span class=\"searchmatch\">of</span> <span class=\"searchmatch\">Wales</span>, see <span class=\"searchmatch\">Prince</span> <span class=\"searchmatch\">of</span> <span class=\"searchmatch\">Wales</span>. &quot;<span class=\"searchmatch\">Prince</span> <span class=\"searchmatch\">Charles</span>&quot; redirects here. For other people"
"Diana Princess of Wales","Diana, Princess of Wales","http://en.wikipedia.org/wiki/Diana%2C_Princess_of_Wales","(EastEnders).   <span class=\"searchmatch\">Diana</span>, <span class=\"searchmatch\">Princess</span> <span class=\"searchmatch\">of</span> <span class=\"searchmatch\">Wales</span> (<span class=\"searchmatch\">Diana</span> Frances; née Spencer; 1 July 1961 – 31 August 1997), was the first wife <span class=\"searchmatch\">of</span> Charles, Prince <span class=\"searchmatch\">of</span> <span class=\"searchmatch\">Wales</span>, who is the"
"Wedding of Charles and Diana","Wedding of Charles, Prince of Wales, and Lady Diana Spencer","http://en.wikipedia.org/wiki/Wedding_of_Charles%2C_Prince_of_Wales%2C_and_Lady_Diana_Spencer","The <span class=\"searchmatch\">wedding</span> <span class=\"searchmatch\">of</span> <span class=\"searchmatch\">Charles</span>, Prince <span class=\"searchmatch\">of</span> Wales, <span class=\"searchmatch\">and</span> Lady <span class=\"searchmatch\">Diana</span> Spencer took place on 29 July 1981 at St Paul's Cathedral, London, England. Their marriage was"
"British Royal Family","British Royal Family","http://en.wikipedia.org/wiki/British_Royal_Family","The <span class=\"searchmatch\">British</span> <span class=\"searchmatch\">Royal</span> <span class=\"searchmatch\">Family</span> is the <span class=\"searchmatch\">family</span> group of close relatives of the monarch of the United Kingdom. There is no strict legal or formal definition in"
"Liverpool Football Club","Liverpool F.C.","http://en.wikipedia.org/wiki/Liverpool_F.C.","article is about the men's <span class=\"searchmatch\">football</span> <span class=\"searchmatch\">club</span>.  For the women's <span class=\"searchmatch\">football</span> <span class=\"searchmatch\">club</span>, see <span class=\"searchmatch\">Liverpool</span> L.F.C..  For the formula team, see <span class=\"searchmatch\">Liverpool</span> F.C. (Superleague Formula"
"European Cup","UEFA Champions League","http://en.wikipedia.org/wiki/UEFA_Champions_League","For other uses, see <span class=\"searchmatch\">European</span> <span class=\"searchmatch\">Cup</span> (disambiguation). This article is about the men's UEFA Champions League.  For the women's UEFA Champions League, see UEFA"
"London Marathon","London Marathon","http://en.wikipedia.org/wiki/London_Marathon","The <span class=\"searchmatch\">London</span> <span class=\"searchmatch\">Marathon</span> is a long-distance running event held in <span class=\"searchmatch\">London</span>, United Kingdom and is the third largest running event in the UK, after the Great"
"Greenwich Park","Greenwich Park","http://en.wikipedia.org/wiki/Greenwich_Park","<span class=\"searchmatch\">Greenwich</span> <span class=\"searchmatch\">Park</span> is a former hunting <span class=\"searchmatch\">park</span> in <span class=\"searchmatch\">Greenwich</span> and one of the largest single green spaces in south-east London. One of the Royal <span class=\"searchmatch\">Parks</span> of London"
"Rupert Murdoch","Rupert Murdoch","http://en.wikipedia.org/wiki/Rupert_Murdoch","Keith <span class=\"searchmatch\">Rupert</span> <span class=\"searchmatch\">Murdoch</span>, AC, KSG (born 11 March 1931) is an Australian American business magnate. <span class=\"searchmatch\">Murdoch</span> became managing director of Australia's News Limited"
"The Times","The Times","http://en.wikipedia.org/wiki/The_Times","This article is about <span class=\"searchmatch\">the</span> British newspaper. For other uses, see <span class=\"searchmatch\">The</span> <span class=\"searchmatch\">Times</span> (disambiguation) or Time (disambiguation). <span class=\"searchmatch\">The</span> <span class=\"searchmatch\">Times</span> is a British daily national"
"Media in the United Kingdom","Media of the United Kingdom","http://en.wikipedia.org/wiki/Media_of_the_United_Kingdom","<span class=\"searchmatch\">Media</span> of <span class=\"searchmatch\">the</span> <span class=\"searchmatch\">United</span> <span class=\"searchmatch\">Kingdom</span> consist of several different types of communications <span class=\"searchmatch\">media</span>: television, radio, newspapers, magazines, and Web sites. <span class=\"searchmatch\">The</span> country"
"Angela Rippon","Angela Rippon","http://en.wikipedia.org/wiki/Angela_Rippon","<span class=\"searchmatch\">Angela</span> Mary <span class=\"searchmatch\">Rippon</span> OBE (born 12 October 1944) is an English television journalist, newsreader, writer and presenter. <span class=\"searchmatch\">Rippon</span> presented radio and television"
"Ian Davidson (Scriptwriter)","Ian Davidson (scriptwriter)","http://en.wikipedia.org/wiki/Ian_Davidson_%28scriptwriter%29","<span class=\"searchmatch\">Ian</span> <span class=\"searchmatch\">Davidson</span> is a British actor and <span class=\"searchmatch\">scriptwriter</span> who worked in British television comedies from the 1960s to the 1980s. He appeared in the same Oxford"
"1981 England Riots","1981 England riots","http://en.wikipedia.org/wiki/1981_England_riots","In <span class=\"searchmatch\">1981</span>, <span class=\"searchmatch\">England</span> suffered serious <span class=\"searchmatch\">riots</span> across many major cities. They were perceived as race <span class=\"searchmatch\">riots</span> between communities, in all cases the main motives"
"Toxteth","Toxteth","http://en.wikipedia.org/wiki/Toxteth","-2.9713 <span class=\"searchmatch\">Toxteth</span> is an inner city area of Liverpool, England. Historically in Lancashire, <span class=\"searchmatch\">Toxteth</span> is located to the south of the city, <span class=\"searchmatch\">Toxteth</span> is bordered"
"Police conduct","Independent Police Conduct Authority","http://en.wikipedia.org/wiki/Independent_Police_Conduct_Authority","Independent <span class=\"searchmatch\">Police</span> <span class=\"searchmatch\">Conduct</span> Authority (IPCA) is an independent body that considers complaints against the New Zealand <span class=\"searchmatch\">Police</span> and oversees their <span class=\"searchmatch\">conduct</span>. It derives"
"Community tension","Association of Chief Police Officers","http://en.wikipedia.org/wiki/Association_of_Chief_Police_Officers","crime.  The National <span class=\"searchmatch\">Community</span> <span class=\"searchmatch\">Tension</span> Team (NCTT) is an ACPO body which monitors religious, racial, or other <span class=\"searchmatch\">tensions</span> within <span class=\"searchmatch\">communities</span>, and provides liaison"
"U.S. president","President of the United States","http://en.wikipedia.org/wiki/President_of_the_United_States","channel, see P.O.T.<span class=\"searchmatch\">U</span>.<span class=\"searchmatch\">S</span>. (Sirius XM). For other uses, see <span class=\"searchmatch\">President</span> of the United States (disambiguation).  For a list, see List of <span class=\"searchmatch\">Presidents</span> of the United"
"Attempted assassination of Ronald Reagan","Attempted assassination of Ronald Reagan","http://en.wikipedia.org/wiki/Attempted_assassination_of_Ronald_Reagan","The <span class=\"searchmatch\">attempted</span> <span class=\"searchmatch\">assassination</span> <span class=\"searchmatch\">of</span> United States President <span class=\"searchmatch\">Ronald</span> <span class=\"searchmatch\">Reagan</span> occurred on March 30, 1981, 69 days into his presidency. While leaving a speaking"
"Serial killer","Serial killer","http://en.wikipedia.org/wiki/Serial_killer","A <span class=\"searchmatch\">serial</span> <span class=\"searchmatch\">killer</span> is a person who has murdered three or more people over a period of more than a month, with down time (a &quot;cooling off period&quot;) between"
"Yorkshire Ripper","Peter Sutcliffe","http://en.wikipedia.org/wiki/Peter_Sutcliffe","(born 2 June 1946) is a British serial killer who was dubbed &quot;The <span class=\"searchmatch\">Yorkshire</span> <span class=\"searchmatch\">Ripper</span>&quot; by the press. In 1981 Sutcliffe was convicted of murdering 13 women"
" Gorden Kaye","Gorden Kaye","http://en.wikipedia.org/wiki/Gorden_Kaye","<span class=\"searchmatch\">Gorden</span> <span class=\"searchmatch\">Kaye</span> (born as Gordon Fitzgerald <span class=\"searchmatch\">Kaye</span> on 7 April 1941) is a BAFTA-nominated English comic actor, best known for playing René Artois in the British"
"World War II","World War II","http://en.wikipedia.org/wiki/World_War_II","Second <span class=\"searchmatch\">World</span> <span class=\"searchmatch\">War</span>&quot; and &quot;WWII&quot; redirect here. For other uses, see The Second <span class=\"searchmatch\">World</span> <span class=\"searchmatch\">War</span> (disambiguation) and WWII (disambiguation).  <span class=\"searchmatch\">World</span> <span class=\"searchmatch\">War</span> <span class=\"searchmatch\">II</span> (WWII or"
"Culture Club","Culture Club","http://en.wikipedia.org/wiki/Culture_Club","<span class=\"searchmatch\">Culture</span> <span class=\"searchmatch\">Club</span> are an English band that were formed in 1981. The band comprised Boy George (lead vocals), Mikey Craig (bass guitar), Roy Hay (guitar and"
"Boy George","Boy George","http://en.wikipedia.org/wiki/Boy_George","<span class=\"searchmatch\">Boy</span> <span class=\"searchmatch\">George</span> (born <span class=\"searchmatch\">George</span> Alan O'Dowd; 14 June 1961) is a British singer-songwriter, who was part of the English New Romantic movement which emerged in"
" Top of the Pops","Top of the Pops","http://en.wikipedia.org/wiki/Top_of_the_Pops","This article is about <span class=\"searchmatch\">the</span> BBC television programme.  For other uses, see <span class=\"searchmatch\">Top</span> <span class=\"searchmatch\">of</span> <span class=\"searchmatch\">the</span> <span class=\"searchmatch\">Pops</span> (disambiguation). <span class=\"searchmatch\">Top</span> <span class=\"searchmatch\">of</span> <span class=\"searchmatch\">the</span> <span class=\"searchmatch\">Pops</span>, also known as TOTP, was a British"
"Margaret Thatcher","Margaret Thatcher","http://en.wikipedia.org/wiki/Margaret_Thatcher","For other uses, see <span class=\"searchmatch\">Margaret</span> <span class=\"searchmatch\">Thatcher</span> (disambiguation).  <span class=\"searchmatch\">Margaret</span> Hilda <span class=\"searchmatch\">Thatcher</span>, Baroness <span class=\"searchmatch\">Thatcher</span>, LG, OM, PC, FRS (née Roberts, 13 October 1925 – 8"
"Falklands War","Falklands War","http://en.wikipedia.org/wiki/Falklands_War","The <span class=\"searchmatch\">Falklands</span> <span class=\"searchmatch\">War</span> (Spanish: Guerra de las Malvinas), also known as the <span class=\"searchmatch\">Falklands</span> Conflict, <span class=\"searchmatch\">Falklands</span> Crisis and the Guerra del Atlántico Sur (Spanish for"
"Politics of the United Kingdom","Politics of the United Kingdom","http://en.wikipedia.org/wiki/Politics_of_the_United_Kingdom"," <span class=\"searchmatch\">The</span> judiciary is independent <span class=\"searchmatch\">of</span> <span class=\"searchmatch\">the</span> executive and <span class=\"searchmatch\">the</span> legislature. <span class=\"searchmatch\">The</span> highest court is <span class=\"searchmatch\">the</span> Supreme Court <span class=\"searchmatch\">of</span> <span class=\"searchmatch\">the</span> <span class=\"searchmatch\">United</span> <span class=\"searchmatch\">Kingdom</span>. <span class=\"searchmatch\">The</span> UK <span class=\"searchmatch\">political</span> system"
" John Higgins","John Higgins","http://en.wikipedia.org/wiki/John_Higgins","Representative from Massachusetts <span class=\"searchmatch\">John</span> Woodman <span class=\"searchmatch\">Higgins</span> (1874–1961), steel businessman, armory museum founder Johnnie Lee <span class=\"searchmatch\">Higgins</span> (born 1983), wide receiver for"
" World Snooker Championships","World Snooker Championship","http://en.wikipedia.org/wiki/World_Snooker_Championship","amateur tournament, see IBSF <span class=\"searchmatch\">World</span> <span class=\"searchmatch\">Snooker</span> <span class=\"searchmatch\">Championship</span>. The <span class=\"searchmatch\">World</span> <span class=\"searchmatch\">Snooker</span> <span class=\"searchmatch\">Championship</span> is the leading professional <span class=\"searchmatch\">snooker</span> tournament in terms of prize"
" NASA","NASA","http://en.wikipedia.org/wiki/NASA","For other uses, see <span class=\"searchmatch\">NASA</span> (disambiguation).  Coordinates: 38°52′59″N 77°0′59″W﻿ / ﻿38.88306°N 77.01639°W﻿ / 38.88306; -77.01639 The National Aeronautics"
"Space shuttle","Space Shuttle","http://en.wikipedia.org/wiki/Space_Shuttle","about the NASA <span class=\"searchmatch\">Space</span> Transportation System vehicle.  For the associated NASA STS program, see <span class=\"searchmatch\">Space</span> <span class=\"searchmatch\">Shuttle</span> program.  For other <span class=\"searchmatch\">shuttles</span> and aerospace"
"Sally Ride","Sally Ride","http://en.wikipedia.org/wiki/Sally_Ride","<span class=\"searchmatch\">Sally</span> Kristen <span class=\"searchmatch\">Ride</span> (May 26, 1951 – July 23, 2012) was an American physicist and astronaut. Born in Los Angeles, <span class=\"searchmatch\">Ride</span> joined NASA in 1978 and, at the age"
" Prince William birth","Prince William Henry, Duke of Gloucester and Edinburgh","http://en.wikipedia.org/wiki/Prince_William_Henry%2C_Duke_of_Gloucester_and_Edinburgh","was styled His Royal Highness <span class=\"searchmatch\">Prince</span> <span class=\"searchmatch\">William</span> at <span class=\"searchmatch\">birth</span>. He was fourth in the line of succession at <span class=\"searchmatch\">birth</span>. <span class=\"searchmatch\">Prince</span> <span class=\"searchmatch\">William</span> later joined the British Army"
"Lady Diana Spencer Princess of Wales","William Spencer (Sheriff)","http://en.wikipedia.org/wiki/William_Spencer_%28Sheriff%29","is a direct male-line ancestor <span class=\"searchmatch\">of</span> Prime Minister Sir Winston <span class=\"searchmatch\">Spencer</span> Churchill and <span class=\"searchmatch\">Lady</span> <span class=\"searchmatch\">Diana</span> <span class=\"searchmatch\">Spencer</span>, <span class=\"searchmatch\">Princess</span> <span class=\"searchmatch\">of</span> <span class=\"searchmatch\">Wales</span>.    H. Gawthorne,S. Mattingly"
"1982 World Cup","1982 FIFA World Cup","http://en.wikipedia.org/wiki/1982_FIFA_World_Cup","The <span class=\"searchmatch\">1982</span> FIFA <span class=\"searchmatch\">World</span> <span class=\"searchmatch\">Cup</span>, the 12th FIFA <span class=\"searchmatch\">World</span> <span class=\"searchmatch\">Cup</span>, was held in Spain from 13 June to 11 July <span class=\"searchmatch\">1982</span>. The tournament was won by Italy, after defeating West"
"Sepp Blatter","Sepp Blatter","http://en.wikipedia.org/wiki/Sepp_Blatter","Joseph &quot;<span class=\"searchmatch\">Sepp</span>&quot; <span class=\"searchmatch\">Blatter</span> (born 10 March 1936) is a Swiss football administrator who serves as the eighth and current President of FIFA (Fédération Internationale"
"Paolo Rossi","Paolo Rossi","http://en.wikipedia.org/wiki/Paolo_Rossi","footballer born in 1982, see <span class=\"searchmatch\">Paolo</span> <span class=\"searchmatch\">Rossi</span> (footballer born 1982).  For other people so named, see <span class=\"searchmatch\">Paolo</span> <span class=\"searchmatch\">Rossi</span> (disambiguation). <span class=\"searchmatch\">Paolo</span> <span class=\"searchmatch\">Rossi</span> (born 23 September 1956)"
"Breakfast television","Breakfast television","http://en.wikipedia.org/wiki/Breakfast_television","article is about the concept of <span class=\"searchmatch\">breakfast</span> <span class=\"searchmatch\">television</span> in general.  For the Citytv <span class=\"searchmatch\">television</span> programme, see <span class=\"searchmatch\">Breakfast</span> <span class=\"searchmatch\">Television</span>. &quot;Morning show&quot; redirects here"
"Frank Bough","Frank Bough","http://en.wikipedia.org/wiki/Frank_Bough","<span class=\"searchmatch\">Frank</span> <span class=\"searchmatch\">Bough</span> (/ˈbɒf/; born 15 January 1933) is a retired English television presenter who is best known as the former host of BBC sports and current affairs"
"Selina Scott","Selina Scott","http://en.wikipedia.org/wiki/Selina_Scott","<span class=\"searchmatch\">Selina</span> Mary <span class=\"searchmatch\">Scott</span> (born 13 May 1951) is an English television presenter, who was a major figure in the launch of breakfast TV in the UK. <span class=\"searchmatch\">Scott</span> first came"
"Shergar","Shergar","http://en.wikipedia.org/wiki/Shergar","<span class=\"searchmatch\">Shergar</span> (b. 1978) was an Irish racehorse, and winner of the 202nd Epsom Derby (1981) by ten lengths— the longest winning margin in the race's history"
"Cartier Racing Award","Cartier Racing Award","http://en.wikipedia.org/wiki/Cartier_Racing_Award","The <span class=\"searchmatch\">Cartier</span> <span class=\"searchmatch\">Racing</span> <span class=\"searchmatch\">Awards</span> are <span class=\"searchmatch\">awards</span> in European horse <span class=\"searchmatch\">racing</span>, founded in 1991, and sponsored by <span class=\"searchmatch\">Cartier</span> jewelers. The <span class=\"searchmatch\">award</span> winners are decided by points"
"Steve Cram","Steve Cram","http://en.wikipedia.org/wiki/Steve_Cram","Stephen &quot;<span class=\"searchmatch\">Steve</span>&quot; <span class=\"searchmatch\">Cram</span> MBE (born 14 October 1960, in Jarrow, County Durham, England) is a British retired track and field athlete. Along with fellow Britons"
"1983 World Championship in Athletics","1983 World Championships in Athletics","http://en.wikipedia.org/wiki/1983_World_Championships_in_Athletics","The inaugural <span class=\"searchmatch\">World</span> <span class=\"searchmatch\">Championships</span> <span class=\"searchmatch\">in</span> <span class=\"searchmatch\">Athletics</span> were run under the auspices of the International Association of <span class=\"searchmatch\">Athletics</span> Federations and were held at the"
"UK General Election 1983","United Kingdom general election, 1983","http://en.wikipedia.org/wiki/United_Kingdom_general_election%2C_1983","The <span class=\"searchmatch\">1983</span> United Kingdom <span class=\"searchmatch\">general</span> <span class=\"searchmatch\">election</span> was held on 9 June <span class=\"searchmatch\">1983</span>. It gave the Conservative Party under Margaret Thatcher the most decisive <span class=\"searchmatch\">election</span> victory"
"Conservative Party","Conservative Party","http://en.wikipedia.org/wiki/Conservative_Party","<span class=\"searchmatch\">Conservative</span> <span class=\"searchmatch\">Party</span> may refer to:   <span class=\"searchmatch\">Conservative</span> <span class=\"searchmatch\">Party</span> (South Africa) <span class=\"searchmatch\">Conservative</span> <span class=\"searchmatch\">Party</span> (Uganda) <span class=\"searchmatch\">Conservative</span> <span class=\"searchmatch\">Party</span> (Egypt)   <span class=\"searchmatch\">Conservative</span> <span class=\"searchmatch\">Party</span> of Armenia"
" Politics of the United Kingdom","Politics of the United Kingdom","http://en.wikipedia.org/wiki/Politics_of_the_United_Kingdom"," <span class=\"searchmatch\">The</span> judiciary is independent <span class=\"searchmatch\">of</span> <span class=\"searchmatch\">the</span> executive and <span class=\"searchmatch\">the</span> legislature. <span class=\"searchmatch\">The</span> highest court is <span class=\"searchmatch\">the</span> Supreme Court <span class=\"searchmatch\">of</span> <span class=\"searchmatch\">the</span> <span class=\"searchmatch\">United</span> <span class=\"searchmatch\">Kingdom</span>. <span class=\"searchmatch\">The</span> UK <span class=\"searchmatch\">political</span> system"
"UB40","UB40","http://en.wikipedia.org/wiki/UB40","For the World War I German submarine, see SM <span class=\"searchmatch\">UB</span>-<span class=\"searchmatch\">40</span>. <span class=\"searchmatch\">UB40</span> are a British reggae/pop band formed in 1978 in Birmingham, England. The band has had more than"
"Top of the Pops","Top of the Pops","http://en.wikipedia.org/wiki/Top_of_the_Pops","This article is about <span class=\"searchmatch\">the</span> BBC television programme.  For other uses, see <span class=\"searchmatch\">Top</span> <span class=\"searchmatch\">of</span> <span class=\"searchmatch\">the</span> <span class=\"searchmatch\">Pops</span> (disambiguation). <span class=\"searchmatch\">Top</span> <span class=\"searchmatch\">of</span> <span class=\"searchmatch\">the</span> <span class=\"searchmatch\">Pops</span>, also known as TOTP, was a British"
"Brighton hotel bomb","Brighton hotel bombing","http://en.wikipedia.org/wiki/Brighton_hotel_bombing","The <span class=\"searchmatch\">Brighton</span> <span class=\"searchmatch\">hotel</span> <span class=\"searchmatch\">bombing</span> occurred on 12 October 1984 at the Grand <span class=\"searchmatch\">Hotel</span> in <span class=\"searchmatch\">Brighton</span>, England. A long-delay time <span class=\"searchmatch\">bomb</span> was planted in the <span class=\"searchmatch\">hotel</span> by Provisional"
"Irish Republican Army","Irish Republican Army","http://en.wikipedia.org/wiki/Irish_Republican_Army","the <span class=\"searchmatch\">Irish</span> War of Independence of 1919–21.  For the groups that existed from 1922–1969, see <span class=\"searchmatch\">Irish</span> <span class=\"searchmatch\">Republican</span> <span class=\"searchmatch\">Army</span> (1922–1969).  For later <span class=\"searchmatch\">republican</span> groups"
" Conservative Party","Conservative Party","http://en.wikipedia.org/wiki/Conservative_Party","<span class=\"searchmatch\">Conservative</span> <span class=\"searchmatch\">Party</span> may refer to:   <span class=\"searchmatch\">Conservative</span> <span class=\"searchmatch\">Party</span> (South Africa) <span class=\"searchmatch\">Conservative</span> <span class=\"searchmatch\">Party</span> (Uganda) <span class=\"searchmatch\">Conservative</span> <span class=\"searchmatch\">Party</span> (Egypt)   <span class=\"searchmatch\">Conservative</span> <span class=\"searchmatch\">Party</span> of Armenia"
"Frankie Goes to Hollywood","Frankie Goes to Hollywood","http://en.wikipedia.org/wiki/Frankie_Goes_to_Hollywood","about the band.  For the video game, see <span class=\"searchmatch\">Frankie</span> <span class=\"searchmatch\">Goes</span> <span class=\"searchmatch\">to</span> <span class=\"searchmatch\">Hollywood</span> (video game). <span class=\"searchmatch\">Frankie</span> <span class=\"searchmatch\">Goes</span> <span class=\"searchmatch\">to</span> <span class=\"searchmatch\">Hollywood</span> (FGTH) were a British band popular in the"
"Indira Gandhi","Indira Gandhi","http://en.wikipedia.org/wiki/Indira_Gandhi","<span class=\"searchmatch\">Indira</span> Priyadarshini <span class=\"searchmatch\">Gandhi</span> (Hindustani: [ˈɪnːdɪrə ˈɡaːnd̪ʱi] ( listen); née Nehru; 19 November 1917 – 31 October 1984) was the third Prime Minister of"
"Prime Minister of India","Prime Minister of India","http://en.wikipedia.org/wiki/Prime_Minister_of_India","<span class=\"searchmatch\">Prime</span> <span class=\"searchmatch\">Minister</span> <span class=\"searchmatch\">of</span> <span class=\"searchmatch\">India</span>, as addressed to in the Constitution <span class=\"searchmatch\">of</span> <span class=\"searchmatch\">India</span>, is the chief <span class=\"searchmatch\">of</span> government, chief adviser to the President <span class=\"searchmatch\">of</span> <span class=\"searchmatch\">India</span>, head <span class=\"searchmatch\">of</span> the"
"General Certificate of Secondary Education","General Certificate of Secondary Education","http://en.wikipedia.org/wiki/General_Certificate_of_Secondary_Education","The <span class=\"searchmatch\">General</span> <span class=\"searchmatch\">Certificate</span> <span class=\"searchmatch\">of</span> <span class=\"searchmatch\">Secondary</span> <span class=\"searchmatch\">Education</span> (GCSE) is an academic qualification awarded in a specified subject, generally taken in a number <span class=\"searchmatch\">of</span> subjects"
"Secondary education","Secondary education","http://en.wikipedia.org/wiki/Secondary_education","<span class=\"searchmatch\">Secondary</span> <span class=\"searchmatch\">education</span> normally takes place in <span class=\"searchmatch\">secondary</span> schools, taking place after primary <span class=\"searchmatch\">education</span> and may be followed by higher <span class=\"searchmatch\">education</span> or vocational"
"Live Aid","Live Aid","http://en.wikipedia.org/wiki/Live_Aid","<span class=\"searchmatch\">Live</span> <span class=\"searchmatch\">Aid</span> was a dual-venue concert held on 13 July 1985. The event was organised by Bob Geldof and Midge Ure to raise funds for relief of the ongoing Ethiopian"
"Bob Geldof","Bob Geldof","http://en.wikipedia.org/wiki/Bob_Geldof","Robert Frederick Zenon &quot;<span class=\"searchmatch\">Bob</span>&quot; <span class=\"searchmatch\">Geldof</span>, KBE (born 5 October 1951) is an Irish singer-songwriter, author, occasional actor and political activist. He rose"
"Miners Strike 1984","UK miners' strike (1984–85)","http://en.wikipedia.org/wiki/UK_miners%27_strike_%281984%E2%80%9385%29","The UK <span class=\"searchmatch\">miners</span>' <span class=\"searchmatch\">strike</span> of <span class=\"searchmatch\">1984</span>–85 was a major industrial action affecting the British coal industry. The <span class=\"searchmatch\">strike</span> was led by the National Union of Mineworkers"
"Arthur Scargill","Arthur Scargill","http://en.wikipedia.org/wiki/Arthur_Scargill","&quot;<span class=\"searchmatch\">Scargill</span>&quot; redirects here. For other uses, see <span class=\"searchmatch\">Scargill</span> (disambiguation). <span class=\"searchmatch\">Arthur</span> <span class=\"searchmatch\">Scargill</span> (born 11 January 1938) is a British politician and trade unionist"
"Nigel Lawson","Nigel Lawson","http://en.wikipedia.org/wiki/Nigel_Lawson","<span class=\"searchmatch\">Nigel</span> <span class=\"searchmatch\">Lawson</span>, Baron <span class=\"searchmatch\">Lawson</span> of Blaby, PC (born 11 March 1932) is a British Conservative politician and journalist. He was a Member of Parliament (MP) representing"
"Bank Of England","Bank of England","http://en.wikipedia.org/wiki/Bank_of_England","The <span class=\"searchmatch\">Bank</span> <span class=\"searchmatch\">of</span> <span class=\"searchmatch\">England</span>, formally the Governor and Company <span class=\"searchmatch\">of</span> the <span class=\"searchmatch\">Bank</span> <span class=\"searchmatch\">of</span> <span class=\"searchmatch\">England</span>, is the central <span class=\"searchmatch\">bank</span> <span class=\"searchmatch\">of</span> the United Kingdom and the model on which most modern"
"Jayne Torvill","Jayne Torvill","http://en.wikipedia.org/wiki/Jayne_Torvill","<span class=\"searchmatch\">Jayne</span> <span class=\"searchmatch\">Torvill</span>, OBE (born 7 October 1957) is a British ice dancer. With Christopher Dean, she won a gold medal at the 1984 Winter Olympics and a bronze"
"Christopher Dean","Christopher Dean","http://en.wikipedia.org/wiki/Christopher_Dean","<span class=\"searchmatch\">Christopher</span> Colin <span class=\"searchmatch\">Dean</span>, OBE (born 27 July 1958 in Calverton, Nottinghamshire) is a British ice dancer who won a gold medal at the 1984 Winter Olympics"
" 1984 Summer Olympics","1984 Summer Olympics","http://en.wikipedia.org/wiki/1984_Summer_Olympics","The <span class=\"searchmatch\">1984</span> <span class=\"searchmatch\">Summer</span> <span class=\"searchmatch\">Olympics</span>, officially known as the Games of the XXIII Olympiad, was an international multi-sport event held in Los Angeles, California,"
"Muammar Gaddafi","Muammar Gaddafi","http://en.wikipedia.org/wiki/Muammar_Gaddafi","&quot;<span class=\"searchmatch\">Gaddafi</span>&quot; redirects here. For other uses, see <span class=\"searchmatch\">Gaddafi</span> (disambiguation).   <span class=\"searchmatch\">Muammar</span> Muhammad Abu Minyar al-<span class=\"searchmatch\">Gaddafi</span> (/ˈmoʊ.əmɑr ɡəˈdɑːfi/; Arabic: معمر محمد"
"Terry Waite","Terry Waite","http://en.wikipedia.org/wiki/Terry_Waite","&quot;<span class=\"searchmatch\">Terry</span>&quot; <span class=\"searchmatch\">Waite</span> CBE (born 31 May 1939, in Bollington, Cheshire) is an English humanitarian and author, famous as a hostage in Lebanon 1987-91. <span class=\"searchmatch\">Waite</span> was"
"1984 Libyan hostage situation","1984 Libyan hostage situation","http://en.wikipedia.org/wiki/1984_Libyan_hostage_situation","The <span class=\"searchmatch\">Libyan</span> <span class=\"searchmatch\">hostage</span> <span class=\"searchmatch\">situation</span> began on the night of the murder of WPC Fletcher, 17 April <span class=\"searchmatch\">1984</span> and lasted until 5 February 1985 (294 days). In accordance"
" Yes Minister","Yes Minister","http://en.wikipedia.org/wiki/Yes_Minister","<span class=\"searchmatch\">Yes</span>, <span class=\"searchmatch\">Minister</span> is a satirical British sitcom written by Antony Jay and Jonathan Lynn that was first transmitted by BBC Television between 1980 and 1984"
"Humphrey Appleby","Humphrey Appleby","http://en.wikipedia.org/wiki/Humphrey_Appleby","Sir <span class=\"searchmatch\">Humphrey</span> <span class=\"searchmatch\">Appleby</span>, GCB, KBE, MVO, MA (Oxon), is a fictional character from the British television series Yes Minister and Yes, Prime Minister. He was"
" Are You Being Served","Are You Being Served?","http://en.wikipedia.org/wiki/Are_You_Being_Served%3F","original British sitcom.  For other uses, see <span class=\"searchmatch\">Are</span> <span class=\"searchmatch\">You</span> <span class=\"searchmatch\">Being</span> <span class=\"searchmatch\">Served</span>? (disambiguation). <span class=\"searchmatch\">Are</span> <span class=\"searchmatch\">You</span> <span class=\"searchmatch\">Being</span> <span class=\"searchmatch\">Served</span>? is a BBC television sitcom created and written"
"Frank Thornton","Frank Thornton","http://en.wikipedia.org/wiki/Frank_Thornton","opera actor, see <span class=\"searchmatch\">Frank</span> <span class=\"searchmatch\">Thornton</span> (Savoyard).  For the cricketer, see <span class=\"searchmatch\">Frank</span> <span class=\"searchmatch\">Thornton</span> (cricketer). <span class=\"searchmatch\">Frank</span> <span class=\"searchmatch\">Thornton</span> (born <span class=\"searchmatch\">Frank</span> <span class=\"searchmatch\">Thornton</span> Ball; 15 January 1921 –"
"Boris Becker","Boris Becker","http://en.wikipedia.org/wiki/Boris_Becker","<span class=\"searchmatch\">Boris</span> Franz <span class=\"searchmatch\">Becker</span> (German pronunciation: [ˈbɔʁɪs ˈbɛkɐ]; born 22 November 1967) is a former World No. 1 professional tennis player from Germany and current"
"Kevin Curren","Kevin Curren","http://en.wikipedia.org/wiki/Kevin_Curren","former tennis player.  For similarly named people, see <span class=\"searchmatch\">Kevin</span> Curran (disambiguation). <span class=\"searchmatch\">Kevin</span> Melvyn <span class=\"searchmatch\">Curren</span> (born 2 March 1958 in Durban, South Africa) is a former"
"Wimbledon","Wimbledon","http://en.wikipedia.org/wiki/Wimbledon","<span class=\"searchmatch\">Wimbledon</span> usually refers to: <span class=\"searchmatch\">Wimbledon</span>, London, a district of southwest London The Championships, <span class=\"searchmatch\">Wimbledon</span>, a lawn court tennis tournament, one of the"
"Mikhail Gorbachev","Mikhail Gorbachev","http://en.wikipedia.org/wiki/Mikhail_Gorbachev","Sergeyevich and the family name is <span class=\"searchmatch\">Gorbachev</span>. <span class=\"searchmatch\">Mikhail</span> Sergeyevich <span class=\"searchmatch\">Gorbachev</span> (Russian: Михаи́л Серге́евич Горбачёв, tr. <span class=\"searchmatch\">Mikhail</span> Sergeyevich Gorbachov; IPA: [mʲɪxɐˈil"
"Soviet Union","Soviet Union","http://en.wikipedia.org/wiki/Soviet_Union","and &quot;<span class=\"searchmatch\">Soviet</span>&quot; redirect here. For other uses, see USSR (disambiguation), CCCP (disambiguation), and <span class=\"searchmatch\">Soviet</span> (disambiguation). The <span class=\"searchmatch\">Union</span> of <span class=\"searchmatch\">Soviet</span> Socialist"
"1983 - 1985 Famine in Ethiopia","1983–85 famine in Ethiopia","http://en.wikipedia.org/wiki/1983%E2%80%9385_famine_in_Ethiopia","widespread <span class=\"searchmatch\">famine</span> affected the inhabitants of today's Eritrea and <span class=\"searchmatch\">Ethiopia</span> from <span class=\"searchmatch\">1983</span> to <span class=\"searchmatch\">1985</span>. The worst <span class=\"searchmatch\">famine</span> to hit the country <span class=\"searchmatch\">in</span> a century, <span class=\"searchmatch\">in</span> northern"
"Wembley Stadium","Wembley Stadium","http://en.wikipedia.org/wiki/Wembley_Stadium","the <span class=\"searchmatch\">stadium</span> opened in 2007.  For the original <span class=\"searchmatch\">stadium</span> it replaced, see <span class=\"searchmatch\">Wembley</span> <span class=\"searchmatch\">Stadium</span> (1923). <span class=\"searchmatch\">Wembley</span> <span class=\"searchmatch\">Stadium</span> (currently known officially as <span class=\"searchmatch\">Wembley</span> Stadium"
"Billy Connelly","Billy Connolly","http://en.wikipedia.org/wiki/Billy_Connolly","William &quot;<span class=\"searchmatch\">Billy</span>&quot; Connolly, CBE (born 24 November 1942) is a Scottish comedian, musician, presenter and actor. He is sometimes known, especially in his"
"Miners Strike","List of miners' strikes","http://en.wikipedia.org/wiki/List_of_miners%27_strikes","<span class=\"searchmatch\">Miners</span>' <span class=\"searchmatch\">strikes</span> are when <span class=\"searchmatch\">miners</span> conduct <span class=\"searchmatch\">strike</span> actions.   This list is incomplete; you can help by expanding it.   List of <span class=\"searchmatch\">strikes</span>"
"Queen","Queen","http://en.wikipedia.org/wiki/Queen","A <span class=\"searchmatch\">Queen</span> is a female monarch. <span class=\"searchmatch\">Queen</span> may refer to:   <span class=\"searchmatch\">Queen</span> regnant, a female monarch who reigns in her own right having equivalent status to a reigning king"
"Freddie Mercury","Freddie Mercury","http://en.wikipedia.org/wiki/Freddie_Mercury","<span class=\"searchmatch\">Freddie</span> <span class=\"searchmatch\">Mercury</span> (born Farrokh Bulsara; Gujarati: ફારોખ બલસારા, Pharōkh Balsārā‌; 5 September 1946 – 24 November 1991) was a British singer-songwriter"
"Sinclair C5","Sinclair C5","http://en.wikipedia.org/wiki/Sinclair_C5","The <span class=\"searchmatch\">Sinclair</span> <span class=\"searchmatch\">C5</span> is a small one-person battery electric vehicle, technically an &quot;electrically assisted pedal cycle&quot;. (Although widely described as an &quot;electric"
"Battery electric vehicles","Battery electric vehicle","http://en.wikipedia.org/wiki/Battery_electric_vehicle","For <span class=\"searchmatch\">electric</span> <span class=\"searchmatch\">vehicles</span> other than <span class=\"searchmatch\">battery</span> powered road <span class=\"searchmatch\">vehicles</span>, see <span class=\"searchmatch\">electric</span> <span class=\"searchmatch\">vehicle</span>.  For passenger <span class=\"searchmatch\">electric</span> <span class=\"searchmatch\">vehicles</span>, see <span class=\"searchmatch\">electric</span> car.  For the batteries"
"RMS Titanic","RMS Titanic","http://en.wikipedia.org/wiki/RMS_Titanic","For the motion picture, see <span class=\"searchmatch\">Titanic</span> (1997 film). For other uses, see <span class=\"searchmatch\">Titanic</span> (disambiguation).  <span class=\"searchmatch\">RMS</span> <span class=\"searchmatch\">Titanic</span> was a British passenger liner that sank in"
"Wreck of the RMS Titanic","Wreck of the RMS Titanic","http://en.wikipedia.org/wiki/Wreck_of_the_RMS_Titanic","<span class=\"searchmatch\">The</span> <span class=\"searchmatch\">wreck</span> <span class=\"searchmatch\">of</span> <span class=\"searchmatch\">the</span> <span class=\"searchmatch\">RMS</span> <span class=\"searchmatch\">Titanic</span> is located about 370 miles (600 km) south-southeast <span class=\"searchmatch\">of</span> <span class=\"searchmatch\">the</span> coast <span class=\"searchmatch\">of</span> Newfoundland, lying at a depth <span class=\"searchmatch\">of</span> about 12,500 feet (3"
"Bananarama","Bananarama","http://en.wikipedia.org/wiki/Bananarama","<span class=\"searchmatch\">Bananarama</span> are an English female pop music vocal group formed in London in 1979 by friends Sara Dallin, Siobhan Fahey and Keren Woodward. Their success"
"The Bangles","The Bangles","http://en.wikipedia.org/wiki/The_Bangles","For <span class=\"searchmatch\">the</span> ornament, see <span class=\"searchmatch\">Bangle</span>. <span class=\"searchmatch\">The</span> <span class=\"searchmatch\">Bangles</span> are an American all-female pop rock band that originated in <span class=\"searchmatch\">the</span> early 1980s, scoring several hit singles during"
"Blackadder","Blackadder","http://en.wikipedia.org/wiki/Blackadder","For other uses, see <span class=\"searchmatch\">Blackadder</span> (disambiguation). <span class=\"searchmatch\">Blackadder</span> is the name that encompasses four series of a BBC 1 period British sitcom, along with several"
"Rik Mayall","Rik Mayall","http://en.wikipedia.org/wiki/Rik_Mayall","Richard Michael &quot;<span class=\"searchmatch\">Rik</span>&quot; <span class=\"searchmatch\">Mayall</span> (7 March 1958 – 9 June 2014) was an English comedian, writer, actor and voice-over artist. <span class=\"searchmatch\">Mayall</span> was best known for his"
"Space Shuttle Challenger","Space Shuttle Challenger","http://en.wikipedia.org/wiki/Space_Shuttle_Challenger","<span class=\"searchmatch\">Space</span> <span class=\"searchmatch\">Shuttle</span> <span class=\"searchmatch\">Challenger</span> (NASA Orbiter Vehicle Designation: OV-099) was the second orbiter of NASA's <span class=\"searchmatch\">space</span> <span class=\"searchmatch\">shuttle</span> program to be put into service following"
"Chernobyl disaster","Chernobyl disaster","http://en.wikipedia.org/wiki/Chernobyl_disaster","plant accident in Ukraine.  For other uses, see <span class=\"searchmatch\">Chernobyl</span> (disambiguation).            The <span class=\"searchmatch\">Chernobyl</span> <span class=\"searchmatch\">disaster</span> (Ukrainian: Чорнобильська катастрофа, Chornobylska"
"Eddie The Eagle Edwards","Eddie \"The Eagle\" Edwards","http://en.wikipedia.org/wiki/Eddie_%22The_Eagle%22_Edwards","about <span class=\"searchmatch\">the</span> British ski-jumper.  For <span class=\"searchmatch\">the</span> NRA's safety program, see <span class=\"searchmatch\">Eddie</span> <span class=\"searchmatch\">Eagle</span>. Michael <span class=\"searchmatch\">Edwards</span> (born 5 December 1963), better known as <span class=\"searchmatch\">Eddie</span> &quot;<span class=\"searchmatch\">The</span> <span class=\"searchmatch\">Eagle</span>&quot; Edwards"
"Ski Jumping","Ski jumping","http://en.wikipedia.org/wiki/Ski_jumping","&quot;<span class=\"searchmatch\">Ski</span> <span class=\"searchmatch\">jump</span>&quot; redirects here. For the element of an aircraft carrier's flight deck, see Flight Deck § <span class=\"searchmatch\">Ski</span>-<span class=\"searchmatch\">jump</span> ramp.                <span class=\"searchmatch\">Ski</span> <span class=\"searchmatch\">jumping</span> is a form"
"England national football team","England national football team","http://en.wikipedia.org/wiki/England_national_football_team","the men's <span class=\"searchmatch\">team</span>.  For the women's <span class=\"searchmatch\">team</span>, see <span class=\"searchmatch\">England</span> women's <span class=\"searchmatch\">national</span> <span class=\"searchmatch\">football</span> <span class=\"searchmatch\">team</span>.  The <span class=\"searchmatch\">England</span> <span class=\"searchmatch\">national</span> <span class=\"searchmatch\">football</span> <span class=\"searchmatch\">team</span> represents <span class=\"searchmatch\">England</span> and the Crown"
" 1986 FIFA World Cup","1986 FIFA World Cup","http://en.wikipedia.org/wiki/1986_FIFA_World_Cup","The <span class=\"searchmatch\">1986</span> <span class=\"searchmatch\">FIFA</span> <span class=\"searchmatch\">World</span> <span class=\"searchmatch\">Cup</span>, the 13th <span class=\"searchmatch\">FIFA</span> <span class=\"searchmatch\">World</span> <span class=\"searchmatch\">Cup</span>, was held in Mexico from 31 May to 29 June <span class=\"searchmatch\">1986</span>. The tournament was the second to feature a 24-team format"
"Grange Hill","Grange Hill","http://en.wikipedia.org/wiki/Grange_Hill","For other uses, see <span class=\"searchmatch\">Grange</span> <span class=\"searchmatch\">Hill</span> (disambiguation). <span class=\"searchmatch\">Grange</span> <span class=\"searchmatch\">Hill</span> is a British television drama series originally made by the BBC. The show began in 1978"
"Diego Maradona","Diego Maradona","http://en.wikipedia.org/wiki/Diego_Maradona","first or paternal family name is <span class=\"searchmatch\">Maradona</span> and the second or maternal family name is Franco. <span class=\"searchmatch\">Diego</span> Armando <span class=\"searchmatch\">Maradona</span> Franco (Spanish pronunciation: [ˈdjeɣo"
"Peter Shilton","Peter Shilton","http://en.wikipedia.org/wiki/Peter_Shilton","<span class=\"searchmatch\">Peter</span> Leslie <span class=\"searchmatch\">Shilton</span> OBE (born 18 September 1949) is a former English footballer who played as a goalkeeper. He currently holds the record for playing"
"Argentina vs England 1986 FIFA World Cup","FIFA World Cup","http://en.wikipedia.org/wiki/FIFA_World_Cup","women's competition, see <span class=\"searchmatch\">FIFA</span> Women's <span class=\"searchmatch\">World</span> <span class=\"searchmatch\">Cup</span>.  For other uses, see <span class=\"searchmatch\">World</span> <span class=\"searchmatch\">Cup</span>.  The <span class=\"searchmatch\">FIFA</span> <span class=\"searchmatch\">World</span> <span class=\"searchmatch\">Cup</span>, often simply called the <span class=\"searchmatch\">World</span> <span class=\"searchmatch\">Cup</span>, is an international"
"1986 FIFA World Cup","1986 FIFA World Cup","http://en.wikipedia.org/wiki/1986_FIFA_World_Cup","The <span class=\"searchmatch\">1986</span> <span class=\"searchmatch\">FIFA</span> <span class=\"searchmatch\">World</span> <span class=\"searchmatch\">Cup</span>, the 13th <span class=\"searchmatch\">FIFA</span> <span class=\"searchmatch\">World</span> <span class=\"searchmatch\">Cup</span>, was held in Mexico from 31 May to 29 June <span class=\"searchmatch\">1986</span>. The tournament was the second to feature a 24-team format"
"Harold Macmillan","Harold Macmillan","http://en.wikipedia.org/wiki/Harold_Macmillan","Maurice <span class=\"searchmatch\">Harold</span> <span class=\"searchmatch\">Macmillan</span>, 1st Earl of Stockton, OM, PC, FRS (10 February 1894 – 29 December 1986) was a British Conservative politician and statesman who"
"Conservative party","Conservative Party","http://en.wikipedia.org/wiki/Conservative_Party","<span class=\"searchmatch\">Conservative</span> <span class=\"searchmatch\">Party</span> may refer to:   <span class=\"searchmatch\">Conservative</span> <span class=\"searchmatch\">Party</span> (South Africa) <span class=\"searchmatch\">Conservative</span> <span class=\"searchmatch\">Party</span> (Uganda) <span class=\"searchmatch\">Conservative</span> <span class=\"searchmatch\">Party</span> (Egypt)   <span class=\"searchmatch\">Conservative</span> <span class=\"searchmatch\">Party</span> of Armenia"
"Only Fools and Horses","Only Fools and Horses","http://en.wikipedia.org/wiki/Only_Fools_and_Horses","<span class=\"searchmatch\">Only</span> <span class=\"searchmatch\">Fools</span> <span class=\"searchmatch\">and</span> <span class=\"searchmatch\">Horses</span> is a British television situation comedy created <span class=\"searchmatch\">and</span> written by John Sullivan. Seven series were originally broadcast on BBC One"
"David Jason","David Jason","http://en.wikipedia.org/wiki/David_Jason","Sir <span class=\"searchmatch\">David</span> John White, OBE (born 2 February 1940), known by his stage name <span class=\"searchmatch\">David</span> <span class=\"searchmatch\">Jason</span>, is an English actor. He played Derek &quot;Del Boy&quot; Trotter in the BBC"
"Nicholas Lyndhurst","Nicholas Lyndhurst","http://en.wikipedia.org/wiki/Nicholas_Lyndhurst","<span class=\"searchmatch\">Nicholas</span> Simon <span class=\"searchmatch\">Lyndhurst</span> (born 20 April 1961) is an English actor. He played Rodney Trotter in Only Fools and Horses, Gary Sparrow in Goodnight Sweetheart"
"Ronald Reagan","Ronald Reagan","http://en.wikipedia.org/wiki/Ronald_Reagan","&quot;<span class=\"searchmatch\">Reagan</span>&quot; redirects here. For other uses, see <span class=\"searchmatch\">Reagan</span> (disambiguation).  <span class=\"searchmatch\">Ronald</span> Wilson <span class=\"searchmatch\">Reagan</span> (/ˈrɒnəld ˈwɪlsən ˈreɪɡən/; February 6, 1911 – June 5, 2004)"
"CBBC","CBBC","http://en.wikipedia.org/wiki/CBBC","television channel of the same name and brand, see <span class=\"searchmatch\">CBBC</span> (TV channel). For other uses, see <span class=\"searchmatch\">CBBC</span> (disambiguation). <span class=\"searchmatch\">CBBC</span> (a contraction of the original name Children's"
"Phillip Schofield","Phillip Schofield","http://en.wikipedia.org/wiki/Phillip_Schofield","<span class=\"searchmatch\">Phillip</span> Bryan <span class=\"searchmatch\">Schofield</span> (born 1 April 1962) is an English television presenter and television personality who is employed by ITV. He is most recognised"
"Rowan Atkinson","Rowan Atkinson","http://en.wikipedia.org/wiki/Rowan_Atkinson","<span class=\"searchmatch\">Rowan</span> Sebastian <span class=\"searchmatch\">Atkinson</span>, CBE (born 6 January 1955) is an English actor, comedian, and screenwriter best known for his work on the sitcoms Mr. Bean and"
"Hugh Laurie","Hugh Laurie","http://en.wikipedia.org/wiki/Hugh_Laurie","James <span class=\"searchmatch\">Hugh</span> Calum <span class=\"searchmatch\">Laurie</span>, OBE (born 11 June 1959), known professionally as <span class=\"searchmatch\">Hugh</span> <span class=\"searchmatch\">Laurie</span> (/ˌhjuː ˈlɒri/), is an English actor, writer, director, musician"
"Tony Robinson","Tony Robinson","http://en.wikipedia.org/wiki/Tony_Robinson","For other people named <span class=\"searchmatch\">Tony</span> <span class=\"searchmatch\">Robinson</span>, see <span class=\"searchmatch\">Tony</span> <span class=\"searchmatch\">Robinson</span> (disambiguation). Sir Anthony &quot;<span class=\"searchmatch\">Tony</span>&quot; <span class=\"searchmatch\">Robinson</span> (born 15 August 1946) is an English actor, comedian"
"Great Storm of 1987","Great Storm of 1987","http://en.wikipedia.org/wiki/Great_Storm_of_1987","The <span class=\"searchmatch\">Great</span> <span class=\"searchmatch\">Storm</span> <span class=\"searchmatch\">of</span> <span class=\"searchmatch\">1987</span> was a violent extratropical cyclone that occurred on the night <span class=\"searchmatch\">of</span> 15–16 October, with hurricane-force winds causing casualties"
"Extratropical Cyclone","Extratropical cyclone","http://en.wikipedia.org/wiki/Extratropical_cyclone","frontal <span class=\"searchmatch\">cyclone</span>, frontal depression, frontal low, <span class=\"searchmatch\">extratropical</span> low, non-tropical low and hybrid low are often used as well. <span class=\"searchmatch\">Extratropical</span> <span class=\"searchmatch\">cyclones</span> are classified"
"Kings Cross fire","King's Cross fire","http://en.wikipedia.org/wiki/King%27s_Cross_fire","The King's <span class=\"searchmatch\">Cross</span> <span class=\"searchmatch\">fire</span> broke out on 18 November 1987 at approximately 19:30 at King's <span class=\"searchmatch\">Cross</span> St. Pancras tube station, a major interchange on the London"
"King’s Cross St Pancras Tube Station","King's Cross St. Pancras tube station","http://en.wikipedia.org/wiki/King%27s_Cross_St._Pancras_tube_station","<span class=\"searchmatch\">King</span>'<span class=\"searchmatch\">s</span> <span class=\"searchmatch\">Cross</span> <span class=\"searchmatch\">St</span>. <span class=\"searchmatch\">Pancras</span> is a London Underground <span class=\"searchmatch\">station</span> located within the London Borough of Camden. It serves <span class=\"searchmatch\">King</span>'<span class=\"searchmatch\">s</span> <span class=\"searchmatch\">Cross</span> and <span class=\"searchmatch\">St</span> <span class=\"searchmatch\">Pancras</span> main line"
"Loch Ness Monster","Loch Ness Monster","http://en.wikipedia.org/wiki/Loch_Ness_Monster","redirects here. For other uses, see <span class=\"searchmatch\">Loch</span> <span class=\"searchmatch\">Ness</span> <span class=\"searchmatch\">Monster</span> (disambiguation) and Nessie (disambiguation).  The <span class=\"searchmatch\">Loch</span> <span class=\"searchmatch\">Ness</span> <span class=\"searchmatch\">Monster</span> is a cryptid, a creature whose existence"
" Cryptid","Cryptid","http://en.wikipedia.org/wiki/Cryptid","with crypsis.           In cryptozoology and sometimes in cryptobotany, a <span class=\"searchmatch\">cryptid</span> (from the Greek κρύπτω, krypto, meaning &quot;hide&quot;) is a creature or plant"
"Loch Ness","Loch Ness","http://en.wikipedia.org/wiki/Loch_Ness","see <span class=\"searchmatch\">Loch</span> <span class=\"searchmatch\">Ness</span> (disambiguation).      <span class=\"searchmatch\">Loch</span> <span class=\"searchmatch\">Ness</span>      <span class=\"searchmatch\">Loch</span> <span class=\"searchmatch\">Ness</span> (/ˌlɒx ˈnɛs/; Scottish Gaelic: <span class=\"searchmatch\">Loch</span> Nis, [l̪ˠɔxˈniʃ]) is a large, deep, freshwater <span class=\"searchmatch\">loch</span> in"
"Whitney Houston","Whitney Houston","http://en.wikipedia.org/wiki/Whitney_Houston","entertainer.  For her 1985 eponymous album, see <span class=\"searchmatch\">Whitney</span> <span class=\"searchmatch\">Houston</span> (album).  <span class=\"searchmatch\">Whitney</span> Elizabeth <span class=\"searchmatch\">Houston</span> (August 9, 1963 – February 11, 2012) was an American"
"Ordination of women","Ordination of women","http://en.wikipedia.org/wiki/Ordination_of_women","The <span class=\"searchmatch\">ordination</span> <span class=\"searchmatch\">of</span> <span class=\"searchmatch\">women</span> to ministerial or priestly office is a regular practice among some major religious groups <span class=\"searchmatch\">of</span> the present time, as it was <span class=\"searchmatch\">of</span> several"
"Church of England","Church of England","http://en.wikipedia.org/wiki/Church_of_England","&quot;C <span class=\"searchmatch\">of</span> E&quot; redirects here. For other uses, see Council <span class=\"searchmatch\">of</span> Europe. The <span class=\"searchmatch\">Church</span> <span class=\"searchmatch\">of</span> <span class=\"searchmatch\">England</span> is the officially established Christian <span class=\"searchmatch\">Church</span> in <span class=\"searchmatch\">England</span> and the"
"Ben Johnson sprinter","Ben Johnson (sprinter)","http://en.wikipedia.org/wiki/Ben_Johnson_%28sprinter%29","Benjamin Sinclair &quot;<span class=\"searchmatch\">Ben</span>&quot; <span class=\"searchmatch\">Johnson</span>, CM OOnt (born December 30, 1961) is a Canadian former <span class=\"searchmatch\">sprinter</span>, who won two Olympic bronze medals and an Olympic gold"
"1988 Seoul Olympics","1988 Summer Olympics","http://en.wikipedia.org/wiki/1988_Summer_Olympics","&quot;<span class=\"searchmatch\">Seoul</span> <span class=\"searchmatch\">1988</span>&quot; redirects here. For the Paralympic Games, see <span class=\"searchmatch\">1988</span> Summer Paralympics. The <span class=\"searchmatch\">1988</span> Summer <span class=\"searchmatch\">Olympics</span>, officially known as the Games of the XXIV"
"Carl Lewis","Carl Lewis","http://en.wikipedia.org/wiki/Carl_Lewis","Frederick Carlton &quot;<span class=\"searchmatch\">Carl</span>&quot; <span class=\"searchmatch\">Lewis</span> (born July 1, 1961) is an American former track and field athlete and United Nations Goodwill Ambassador, who won 10 Olympic"
"Lockerbie","Lockerbie","http://en.wikipedia.org/wiki/Lockerbie","For other uses, see <span class=\"searchmatch\">Lockerbie</span> (disambiguation). Coordinates: 55°07′12″N 3°21′25″W﻿ / ﻿55.120°N 3.357°W﻿ / 55.120; -3.357 <span class=\"searchmatch\">Lockerbie</span> (Scottish Gaelic: Locarbaidh)"
"Pan Am Flight 103","Pan Am Flight 103","http://en.wikipedia.org/wiki/Pan_Am_Flight_103","be confused with <span class=\"searchmatch\">Pan</span> <span class=\"searchmatch\">Am</span> <span class=\"searchmatch\">Flight</span> 73. &quot;<span class=\"searchmatch\">Flight</span> <span class=\"searchmatch\">103</span>&quot; redirects here. For other uses, see <span class=\"searchmatch\">Flight</span> <span class=\"searchmatch\">103</span> (disambiguation). <span class=\"searchmatch\">Pan</span> <span class=\"searchmatch\">Am</span> <span class=\"searchmatch\">Flight</span> <span class=\"searchmatch\">103</span> (involved in the Lockerbie"
"Piper Alpha","Piper Alpha","http://en.wikipedia.org/wiki/Piper_Alpha","<span class=\"searchmatch\">Piper</span> <span class=\"searchmatch\">Alpha</span> was a North Sea oil production platform operated by Occidental Petroleum (Caledonia) Ltd. The platform began production in 1976, first as"
"Occidental Petroleum","Occidental Petroleum","http://en.wikipedia.org/wiki/Occidental_Petroleum","<span class=\"searchmatch\">Occidental</span> <span class=\"searchmatch\">Petroleum</span> Corporation (Oxy) is a Houston-based oil and gas exploration and production company with operations in the United States, the Middle"
"Edwina Curry","Edwina Currie","http://en.wikipedia.org/wiki/Edwina_Currie","<span class=\"searchmatch\">Edwina</span> Jones (born 13 October 1946), born <span class=\"searchmatch\">Edwina</span> Cohen and commonly known by her first married name, <span class=\"searchmatch\">Edwina</span> Currie, is a former British Member of Parliament"
"Salmonella","Salmonella","http://en.wikipedia.org/wiki/Salmonella","Salmonellosis.   <span class=\"searchmatch\">Salmonella</span> /ˌsælməˈnɛlə/ is a genus of rod-shaped, Gram-negative bacteria. There are only two species of <span class=\"searchmatch\">Salmonella</span>, <span class=\"searchmatch\">Salmonella</span> bongori and"
"Berlin Wall","Berlin Wall","http://en.wikipedia.org/wiki/Berlin_Wall","chess opening variation, sometimes known as <span class=\"searchmatch\">Berlin</span> <span class=\"searchmatch\">Wall</span>, see <span class=\"searchmatch\">Berlin</span> Defence.            The <span class=\"searchmatch\">Berlin</span> <span class=\"searchmatch\">Wall</span> (German: Berliner Mauer) was a barrier that existed"
"German reunification","German reunification","http://en.wikipedia.org/wiki/German_reunification","1990 <span class=\"searchmatch\">German</span> <span class=\"searchmatch\">reunification</span>.  For the 1871 unification of the <span class=\"searchmatch\">German</span> Empire, see Unification of <span class=\"searchmatch\">Germany</span>.           The <span class=\"searchmatch\">German</span> <span class=\"searchmatch\">reunification</span> (<span class=\"searchmatch\">German</span>: Deutsche"
"Guildford Four and Maguire Seven","Guildford Four and Maguire Seven","http://en.wikipedia.org/wiki/Guildford_Four_and_Maguire_Seven","The <span class=\"searchmatch\">Guildford</span> <span class=\"searchmatch\">Four</span> <span class=\"searchmatch\">and</span> the <span class=\"searchmatch\">Maguire</span> <span class=\"searchmatch\">Seven</span> were the collective names of two groups of people whose convictions in English courts in 1975 <span class=\"searchmatch\">and</span> 1976 for the"
"Hillsborough","Hillsborough","http://en.wikipedia.org/wiki/Hillsborough","<span class=\"searchmatch\">Hillsborough</span> is the name of:   <span class=\"searchmatch\">Hillsborough</span>, New South Wales, a suburb of Lake Macquarie  <span class=\"searchmatch\">Hillsborough</span>, New Brunswick <span class=\"searchmatch\">Hillsborough</span>, Nova Scotia, in Inverness"
"Nottingham Forest Football Club","Nottingham Forest F.C.","http://en.wikipedia.org/wiki/Nottingham_Forest_F.C.","English <span class=\"searchmatch\">football</span> <span class=\"searchmatch\">club</span>.  For the neighbourhood in Houston, Texas, see <span class=\"searchmatch\">Nottingham</span> <span class=\"searchmatch\">Forest</span>, Houston. <span class=\"searchmatch\">Nottingham</span> <span class=\"searchmatch\">Forest</span> <span class=\"searchmatch\">Football</span> <span class=\"searchmatch\">Club</span> is a <span class=\"searchmatch\">football</span> <span class=\"searchmatch\">club</span> in Nottinghamshire"
"Salmon Rushdie","Salman Rushdie","http://en.wikipedia.org/wiki/Salman_Rushdie","Ahmed Salman <span class=\"searchmatch\">Rushdie</span> (/sælˈmɑːn ˈrʊʃdi/; Kashmiri: अहमद सलमान रुशदी (Devanagari), احمد سلمان رشدی (Nastaʿlīq); born 19 June 1947) is a British Indian"
"Ayatollah Khomeini","Ruhollah Khomeini","http://en.wikipedia.org/wiki/Ruhollah_Khomeini","<span class=\"searchmatch\">Ayatollah</span> <span class=\"searchmatch\">Khomeini</span> created the Basij Mostazafan, a voluntary mass movement mainly of young people. When the Iran–Iraq War started in 1980, <span class=\"searchmatch\">Khomeini</span> issued"
"Fatwa","Fatwa","http://en.wikipedia.org/wiki/Fatwa","article is about the Arabic language word.  For the 2006 film, see <span class=\"searchmatch\">Fatwa</span> (film). A <span class=\"searchmatch\">fatwā</span> (Arabic: فتوى‎; plural fatāwā Arabic: فتاوى‎) in the Islamic faith"
"Tiananmen Square protests of 1989","Tiananmen Square protests of 1989","http://en.wikipedia.org/wiki/Tiananmen_Square_protests_of_1989","The <span class=\"searchmatch\">Tiananmen</span> <span class=\"searchmatch\">Square</span> <span class=\"searchmatch\">protests</span> <span class=\"searchmatch\">of</span> <span class=\"searchmatch\">1989</span>, commonly known as the June Fourth Incident (六四事件) or '89 Democracy Movement (八九民运) in Chinese, were student-led"
"Peking China","Beijing","http://en.wikipedia.org/wiki/Beijing","&quot;<span class=\"searchmatch\">Peking</span>&quot; redirects here. For other uses, see Beijing (disambiguation) and <span class=\"searchmatch\">Peking</span> (disambiguation). Beijing, sometimes romanized as <span class=\"searchmatch\">Peking</span>, is the capital"
"1990 World Cup","1990 FIFA World Cup","http://en.wikipedia.org/wiki/1990_FIFA_World_Cup","computer game, see <span class=\"searchmatch\">World</span> <span class=\"searchmatch\">Cup</span> Italia '90. The <span class=\"searchmatch\">1990</span> FIFA <span class=\"searchmatch\">World</span> <span class=\"searchmatch\">Cup</span> was the 14th FIFA <span class=\"searchmatch\">World</span> <span class=\"searchmatch\">Cup</span>, the quadrennial international football <span class=\"searchmatch\">world</span> championship tournament"
"John Major","John Major","http://en.wikipedia.org/wiki/John_Major","For other people named <span class=\"searchmatch\">John</span> <span class=\"searchmatch\">Major</span>, see <span class=\"searchmatch\">John</span> <span class=\"searchmatch\">Major</span> (disambiguation). Sir <span class=\"searchmatch\">John</span> <span class=\"searchmatch\">Major</span>, KG, CH (born 29 March 1943) is a British Conservative politician who"
"Nelson Mandela","Nelson Mandela","http://en.wikipedia.org/wiki/Nelson_Mandela","&quot;<span class=\"searchmatch\">Mandela</span>&quot; redirects here. For other uses, see <span class=\"searchmatch\">Mandela</span> (disambiguation).   <span class=\"searchmatch\">Nelson</span> Rolihlahla <span class=\"searchmatch\">Mandela</span> (/mænˈdɛlə/; Xhosa pronunciation: [xoˈliːɬaɬa manˈdeːla];"
"Drakenstein Correctional Centre","Drakenstein Correctional Centre","http://en.wikipedia.org/wiki/Drakenstein_Correctional_Centre","<span class=\"searchmatch\">Drakenstein</span> <span class=\"searchmatch\">Correctional</span> <span class=\"searchmatch\">Centre</span> (formerly Victor Verster Prison) is a low-security prison between Paarl and Franschhoek, on the R301 road 5 km from the"
"F. W. de Klerk","F. W. de Klerk","http://en.wikipedia.org/wiki/F._W._de_Klerk","Frederik Willem <span class=\"searchmatch\">de</span> <span class=\"searchmatch\">Klerk</span> (born 18 March 1936) is a South African politician who served as the country's State President from September 1989 to May 1994"
"One Foot in the grave","One Foot in the Grave","http://en.wikipedia.org/wiki/One_Foot_in_the_Grave","This article is about <span class=\"searchmatch\">the</span> BBC sitcom.  For <span class=\"searchmatch\">the</span> 1994 album by Beck, see <span class=\"searchmatch\">One</span> <span class=\"searchmatch\">Foot</span> <span class=\"searchmatch\">in</span> <span class=\"searchmatch\">the</span> <span class=\"searchmatch\">Grave</span> (album). <span class=\"searchmatch\">One</span> <span class=\"searchmatch\">Foot</span> <span class=\"searchmatch\">in</span> <span class=\"searchmatch\">the</span> <span class=\"searchmatch\">Grave</span> is a British BBC television"
"Richard Wilson","Richard Wilson","http://en.wikipedia.org/wiki/Richard_Wilson","<span class=\"searchmatch\">Richard</span> <span class=\"searchmatch\">Wilson</span> may refer to:   <span class=\"searchmatch\">Richard</span> <span class=\"searchmatch\">Wilson</span> (scholar) (born 1950), British Shakespeare scholar <span class=\"searchmatch\">Richard</span> <span class=\"searchmatch\">Wilson</span> (physicist) (born 1926), British born"
"Poll Tax Riots","Poll Tax Riots","http://en.wikipedia.org/wiki/Poll_Tax_Riots","The <span class=\"searchmatch\">Poll</span> <span class=\"searchmatch\">Tax</span> <span class=\"searchmatch\">Riots</span> were a series of <span class=\"searchmatch\">riots</span> in British towns and cities during protests against the <span class=\"searchmatch\">poll</span> <span class=\"searchmatch\">tax</span> (officially known as the &quot;Community Charge&quot;)"
"Community Charge","Community Charge","http://en.wikipedia.org/wiki/Community_Charge","The <span class=\"searchmatch\">Community</span> <span class=\"searchmatch\">Charge</span> (often called the poll tax) was a system of taxation introduced in replacement of domestic rates in Scotland from 1989, prior to its"
